{
    "pair_name": "KO/PEP",
    "cointegration_pvalue": 0.9539066077930998,
    "hedge_ratio": 0.3533968219711836,
    "total_return": 0.178992824916135,
    "annualized_return": 0.016770109776865327,
    "annualized_volatility": 0.09368086204644213,
    "sharpe_ratio": 0.17901318807838867,
    "max_drawdown": -0.26746512230198294,
    "win_rate": 0.5211416490486258,
    "trades": 198
}