Model,RMSE,MAE
"GARCH(1,1)",0.006146977710535103,0.00389886445358427
Baseline (Vol 20),0.0065705665197954635,0.003936596761193775
Random Forest,0.007158554207884535,0.0036314096537184387
